Secretariat Name,Mandal,Username,Password,Full Name,Secretariat Code,Role
Unknown,Unknown,field_officer_1,Welcome@123,Rajesh Kumar,field_officer_1,FIELD_OFFICER
Unknown,Unknown,field_officer_2,Welcome@123,Priya Sharma,field_officer_2,FIELD_OFFICER
Unknown,Unknown,field_officer_3,Welcome@123,Suresh Reddy,field_officer_3,FIELD_OFFICER
ALAPALLI,BAIREDDI PALLE,fo_11090438,Welcome@123,FO ALAPALLI,11090438,FIELD_OFFICER
BAIREDDIPALLI1,BAIREDDI PALLE,fo_11090439,Welcome@123,FO BAIREDDIPALLI1,11090439,FIELD_OFFICER
BAIREDDIPALLI2,BAIREDDI PALLE,fo_11090440,Welcome@123,FO BAIREDDIPALLI2,11090440,FIELD_OFFICER
BELUPALLI,BAIREDDI PALLE,fo_11090441,Welcome@123,FO BELUPALLI,11090441,FIELD_OFFICER
CHAPPIDIPALLE,BAIREDDI PALLE,fo_11090442,Welcome@123,FO CHAPPIDIPALLE,11090442,FIELD_OFFICER
DEVADODDI,BAIREDDI PALLE,fo_11090443,Welcome@123,FO DEVADODDI,11090443,FIELD_OFFICER
DHARMAPURI,BAIREDDI PALLE,fo_11090444,Welcome@123,FO DHARMAPURI,11090444,FIELD_OFFICER
GANGINAYANIPALLI,BAIREDDI PALLE,fo_11090445,Welcome@123,FO GANGINAYANIPALLI,11090445,FIELD_OFFICER
GOLLACHEMANAPALLI,BAIREDDI PALLE,fo_11090446,Welcome@123,FO GOLLACHEMANAPALLI,11090446,FIELD_OFFICER
GADDURU,BAIREDDI PALLE,fo_11090447,Welcome@123,FO GADDURU,11090447,FIELD_OFFICER
KAMMANAPALLI,BAIREDDI PALLE,fo_11090448,Welcome@123,FO KAMMANAPALLI,11090448,FIELD_OFFICER
KHAMBHAMPALLI,BAIREDDI PALLE,fo_11090449,Welcome@123,FO KHAMBHAMPALLI,11090449,FIELD_OFFICER
KADAPANATHAM,BAIREDDI PALLE,fo_11090450,Welcome@123,FO KADAPANATHAM,11090450,FIELD_OFFICER
LAKKANAPALLI,BAIREDDI PALLE,fo_11090451,Welcome@123,FO LAKKANAPALLI,11090451,FIELD_OFFICER
NELLIPATLA,BAIREDDI PALLE,fo_11090452,Welcome@123,FO NELLIPATLA,11090452,FIELD_OFFICER
PEDDACHELLARAGUNTA,BAIREDDI PALLE,fo_11090453,Welcome@123,FO PEDDACHELLARAGUNTA,11090453,FIELD_OFFICER
PATHURNATHAM,BAIREDDI PALLE,fo_11090454,Welcome@123,FO PATHURNATHAM,11090454,FIELD_OFFICER
THEERTHAM,BAIREDDI PALLE,fo_11090455,Welcome@123,FO THEERTHAM,11090455,FIELD_OFFICER
VENGAMVARIPALLE,BAIREDDI PALLE,fo_11090456,Welcome@123,FO VENGAMVARIPALLE,11090456,FIELD_OFFICER
BANGARUPALEM1,BANGARUPALEM,fo_11090505,Welcome@123,FO BANGARUPALEM1,11090505,FIELD_OFFICER
BANGARUPALEM2,BANGARUPALEM,fo_11090506,Welcome@123,FO BANGARUPALEM2,11090506,FIELD_OFFICER
BODABANDLA,BANGARUPALEM,fo_11090507,Welcome@123,FO BODABANDLA,11090507,FIELD_OFFICER
THIMMOJIPALLI,BANGARUPALEM,fo_11090508,Welcome@123,FO THIMMOJIPALLI,11090508,FIELD_OFFICER
CHEEKURUPALLI,BANGARUPALEM,fo_11090509,Welcome@123,FO CHEEKURUPALLI,11090509,FIELD_OFFICER
ECHAMERIVARIPALLI,BANGARUPALEM,fo_11090510,Welcome@123,FO ECHAMERIVARIPALLI,11090510,FIELD_OFFICER
GUNTHURU,BANGARUPALEM,fo_11090511,Welcome@123,FO GUNTHURU,11090511,FIELD_OFFICER
JAMBUVARIPALLI,BANGARUPALEM,fo_11090512,Welcome@123,FO JAMBUVARIPALLI,11090512,FIELD_OFFICER
K.M.KANDRIGA,BANGARUPALEM,fo_11090513,Welcome@123,FO K.M.KANDRIGA,11090513,FIELD_OFFICER
KATAPPAGARIPALLI,BANGARUPALEM,fo_11090514,Welcome@123,FO KATAPPAGARIPALLI,11090514,FIELD_OFFICER
KEERAMANDA,BANGARUPALEM,fo_11090515,Welcome@123,FO KEERAMANDA,11090515,FIELD_OFFICER
KODALAMADUGU,BANGARUPALEM,fo_11090516,Welcome@123,FO KODALAMADUGU,11090516,FIELD_OFFICER
KURMAIPALLI,BANGARUPALEM,fo_11090517,Welcome@123,FO KURMAIPALLI,11090517,FIELD_OFFICER
MAHASAMUDRAM,BANGARUPALEM,fo_11090518,Welcome@123,FO MAHASAMUDRAM,11090518,FIELD_OFFICER
MOGILI,BANGARUPALEM,fo_11090519,Welcome@123,FO MOGILI,11090519,FIELD_OFFICER
MOGILIVARIPALLI,BANGARUPALEM,fo_11090520,Welcome@123,FO MOGILIVARIPALLI,11090520,FIELD_OFFICER
NALAGAMPALLI,BANGARUPALEM,fo_11090521,Welcome@123,FO NALAGAMPALLI,11090521,FIELD_OFFICER
NALLAMGADU,BANGARUPALEM,fo_11090522,Welcome@123,FO NALLAMGADU,11090522,FIELD_OFFICER
PALERU,BANGARUPALEM,fo_11090523,Welcome@123,FO PALERU,11090523,FIELD_OFFICER
RAGIMANUPENTA,BANGARUPALEM,fo_11090524,Welcome@123,FO RAGIMANUPENTA,11090524,FIELD_OFFICER
SANKRANTHIPALLI,BANGARUPALEM,fo_11090525,Welcome@123,FO SANKRANTHIPALLI,11090525,FIELD_OFFICER
SETTERI,BANGARUPALEM,fo_11090526,Welcome@123,FO SETTERI,11090526,FIELD_OFFICER
TEKUMANDA,BANGARUPALEM,fo_11090527,Welcome@123,FO TEKUMANDA,11090527,FIELD_OFFICER
THAGGUVARIPALLI,BANGARUPALEM,fo_11090528,Welcome@123,FO THAGGUVARIPALLI,11090528,FIELD_OFFICER
JILLEDUPALLI,BANGARUPALEM,fo_11090529,Welcome@123,FO JILLEDUPALLI,11090529,FIELD_OFFICER
THUMBAKUPPAM,BANGARUPALEM,fo_11090530,Welcome@123,FO THUMBAKUPPAM,11090530,FIELD_OFFICER
VELUTHURUCHENU,BANGARUPALEM,fo_11090531,Welcome@123,FO VELUTHURUCHENU,11090531,FIELD_OFFICER
BNRPETA,CHITTOOR,fo_11090569,Welcome@123,FO BNRPETA,11090569,FIELD_OFFICER
CHERLOPALLI,CHITTOOR,fo_11090570,Welcome@123,FO CHERLOPALLI,11090570,FIELD_OFFICER
DIGUVAMASAPALLI,CHITTOOR,fo_11090571,Welcome@123,FO DIGUVAMASAPALLI,11090571,FIELD_OFFICER
MUTHUKUR,CHITTOOR,fo_11090572,Welcome@123,FO MUTHUKUR,11090572,FIELD_OFFICER
PALURU,CHITTOOR,fo_11090573,Welcome@123,FO PALURU,11090573,FIELD_OFFICER
PEDDISETTIPALLI,CHITTOOR,fo_11090574,Welcome@123,FO PEDDISETTIPALLI,11090574,FIELD_OFFICER
CHINTHALAGUNTA,CHITTOOR,fo_11090575,Welcome@123,FO CHINTHALAGUNTA,11090575,FIELD_OFFICER
THALAMBEDU,CHITTOOR,fo_11090576,Welcome@123,FO THALAMBEDU,11090576,FIELD_OFFICER
THUMMINDA,CHITTOOR,fo_11090577,Welcome@123,FO THUMMINDA,11090577,FIELD_OFFICER
MUTHIREVULA,CHITTOOR,fo_21008001,Welcome@123,FO MUTHIREVULA,21008001,FIELD_OFFICER
MURUKAMBATTU,CHITTOOR,fo_21008002,Welcome@123,FO MURUKAMBATTU,21008002,FIELD_OFFICER
DODDIPALLI,CHITTOOR,fo_21008003,Welcome@123,FO DODDIPALLI,21008003,FIELD_OFFICER
KATTAMANCHI,CHITTOOR,fo_21008004,Welcome@123,FO KATTAMANCHI,21008004,FIELD_OFFICER
SAMBAIAHKANDRIGA,CHITTOOR,fo_21008005,Welcome@123,FO SAMBAIAHKANDRIGA,21008005,FIELD_OFFICER
SANJAYGANDHINAGAR,CHITTOOR,fo_21008006,Welcome@123,FO SANJAYGANDHINAGAR,21008006,FIELD_OFFICER
MORIGANIPALLI,CHITTOOR,fo_21008007,Welcome@123,FO MORIGANIPALLI,21008007,FIELD_OFFICER
VENGALRAOCOLONY,CHITTOOR,fo_21008008,Welcome@123,FO VENGALRAOCOLONY,21008008,FIELD_OFFICER
VENKATESWARACOLONY,CHITTOOR,fo_21008009,Welcome@123,FO VENKATESWARACOLONY,21008009,FIELD_OFFICER
SNPURAM,CHITTOOR,fo_21008010,Welcome@123,FO SNPURAM,21008010,FIELD_OFFICER
LBPURAM,CHITTOOR,fo_21008011,Welcome@123,FO LBPURAM,21008011,FIELD_OFFICER
190RAMAPURAM,CHITTOOR,fo_21008012,Welcome@123,FO 190RAMAPURAM,21008012,FIELD_OFFICER
MAPAKSHI,CHITTOOR,fo_21008013,Welcome@123,FO MAPAKSHI,21008013,FIELD_OFFICER
ANUPALLI,CHITTOOR,fo_21008014,Welcome@123,FO ANUPALLI,21008014,FIELD_OFFICER
PRASHANTHNAGAR,CHITTOOR,fo_21008015,Welcome@123,FO PRASHANTHNAGAR,21008015,FIELD_OFFICER
DURGANAGARCOLONY,CHITTOOR,fo_21008016,Welcome@123,FO DURGANAGARCOLONY,21008016,FIELD_OFFICER
MASEEDUMITTA,CHITTOOR,fo_21008017,Welcome@123,FO MASEEDUMITTA,21008017,FIELD_OFFICER
GODUGUMURU,CHITTOOR,fo_21008018,Welcome@123,FO GODUGUMURU,21008018,FIELD_OFFICER
GAYATHRINAGAR,CHITTOOR,fo_21008019,Welcome@123,FO GAYATHRINAGAR,21008019,FIELD_OFFICER
IRUVARAM,CHITTOOR,fo_21008020,Welcome@123,FO IRUVARAM,21008020,FIELD_OFFICER
KUKKALAPALLI,CHITTOOR,fo_21008021,Welcome@123,FO KUKKALAPALLI,21008021,FIELD_OFFICER
THENEBANDA,CHITTOOR,fo_21008022,Welcome@123,FO THENEBANDA,21008022,FIELD_OFFICER
JANAKARAPALLI,CHITTOOR,fo_21008023,Welcome@123,FO JANAKARAPALLI,21008023,FIELD_OFFICER
SANKARAIAHGUNTA,CHITTOOR,fo_21008024,Welcome@123,FO SANKARAIAHGUNTA,21008024,FIELD_OFFICER
BALAJINAGAR,CHITTOOR,fo_21008025,Welcome@123,FO BALAJINAGAR,21008025,FIELD_OFFICER
AMBEDKARNAGAR,CHITTOOR,fo_21008026,Welcome@123,FO AMBEDKARNAGAR,21008026,FIELD_OFFICER
CHAMANTHIPURAM,CHITTOOR,fo_21008027,Welcome@123,FO CHAMANTHIPURAM,21008027,FIELD_OFFICER
VINAYAKAPURAM,CHITTOOR,fo_21008028,Welcome@123,FO VINAYAKAPURAM,21008028,FIELD_OFFICER
MITTOOR-01,CHITTOOR,fo_21008029,Welcome@123,FO MITTOOR-01,21008029,FIELD_OFFICER
LALUGARDEN-01,CHITTOOR,fo_21008030,Welcome@123,FO LALUGARDEN-01,21008030,FIELD_OFFICER
TELEPHONECOLONY,CHITTOOR,fo_21008031,Welcome@123,FO TELEPHONECOLONY,21008031,FIELD_OFFICER
RAMANAGARCOLONY,CHITTOOR,fo_21008032,Welcome@123,FO RAMANAGARCOLONY,21008032,FIELD_OFFICER
GANGANAPALLI,CHITTOOR,fo_21008033,Welcome@123,FO GANGANAPALLI,21008033,FIELD_OFFICER
KANNAIAHNAIDUCOLONY,CHITTOOR,fo_21008034,Welcome@123,FO KANNAIAHNAIDUCOLONY,21008034,FIELD_OFFICER
KAINIKATTUSTREET,CHITTOOR,fo_21008035,Welcome@123,FO KAINIKATTUSTREET,21008035,FIELD_OFFICER
GOLLINGSPET,CHITTOOR,fo_21008036,Welcome@123,FO GOLLINGSPET,21008036,FIELD_OFFICER
LALUGARDEN-02,CHITTOOR,fo_21008037,Welcome@123,FO LALUGARDEN-02,21008037,FIELD_OFFICER
MITTOOR-02,CHITTOOR,fo_21008038,Welcome@123,FO MITTOOR-02,21008038,FIELD_OFFICER
PHWADA,CHITTOOR,fo_21008039,Welcome@123,FO PHWADA,21008039,FIELD_OFFICER
THANGAVELUCOLONY,CHITTOOR,fo_21008040,Welcome@123,FO THANGAVELUCOLONY,21008040,FIELD_OFFICER
THOTAPALYAM,CHITTOOR,fo_21008041,Welcome@123,FO THOTAPALYAM,21008041,FIELD_OFFICER
VINNOREBLOCK,CHITTOOR,fo_21008042,Welcome@123,FO VINNOREBLOCK,21008042,FIELD_OFFICER
RAMULAGUDISTREET,CHITTOOR,fo_21008043,Welcome@123,FO RAMULAGUDISTREET,21008043,FIELD_OFFICER
RANGACHARYSTREET,CHITTOOR,fo_21008044,Welcome@123,FO RANGACHARYSTREET,21008044,FIELD_OFFICER
MANGASAMUDRAM,CHITTOOR,fo_21008045,Welcome@123,FO MANGASAMUDRAM,21008045,FIELD_OFFICER
OBANAPALLI,CHITTOOR,fo_21008046,Welcome@123,FO OBANAPALLI,21008046,FIELD_OFFICER
HOUSINGCOLONY,CHITTOOR,fo_21008047,Welcome@123,FO HOUSINGCOLONY,21008047,FIELD_OFFICER
ARAGONDAROAD,CHITTOOR,fo_21008048,Welcome@123,FO ARAGONDAROAD,21008048,FIELD_OFFICER
THIMASAMUDRAM,CHITTOOR,fo_21008049,Welcome@123,FO THIMASAMUDRAM,21008049,FIELD_OFFICER
TCHAVATAPALLI,CHITTOOR,fo_21008050,Welcome@123,FO TCHAVATAPALLI,21008050,FIELD_OFFICER
KONGAREDDYPALLI,CHITTOOR,fo_21008051,Welcome@123,FO KONGAREDDYPALLI,21008051,FIELD_OFFICER
29ACHINTHAMAKULAPALLE,CHOWDEPALLE,fo_11090025,Welcome@123,FO 29ACHINTHAMAKULAPALLE,11090025,FIELD_OFFICER
A.KOTHAKOTA,CHOWDEPALLE,fo_11090026,Welcome@123,FO A.KOTHAKOTA,11090026,FIELD_OFFICER
CHARALA,CHOWDEPALLE,fo_11090027,Welcome@123,FO CHARALA,11090027,FIELD_OFFICER
CHOWDEPALLE1,CHOWDEPALLE,fo_11090028,Welcome@123,FO CHOWDEPALLE1,11090028,FIELD_OFFICER
CHOWDEPALLE2,CHOWDEPALLE,fo_11090029,Welcome@123,FO CHOWDEPALLE2,11090029,FIELD_OFFICER
DIGUVAPALLE,CHOWDEPALLE,fo_11090030,Welcome@123,FO DIGUVAPALLE,11090030,FIELD_OFFICER
DURGASAMUDRAM,CHOWDEPALLE,fo_11090031,Welcome@123,FO DURGASAMUDRAM,11090031,FIELD_OFFICER
GADDAMVARIPALLE,CHOWDEPALLE,fo_11090032,Welcome@123,FO GADDAMVARIPALLE,11090032,FIELD_OFFICER
KAGATHI,CHOWDEPALLE,fo_11090033,Welcome@123,FO KAGATHI,11090033,FIELD_OFFICER
KATIPERI,CHOWDEPALLE,fo_11090034,Welcome@123,FO KATIPERI,11090034,FIELD_OFFICER
KONDAMARRI,CHOWDEPALLE,fo_11090035,Welcome@123,FO KONDAMARRI,11090035,FIELD_OFFICER
AMINIGUNTA,CHOWDEPALLE,fo_11090036,Welcome@123,FO AMINIGUNTA,11090036,FIELD_OFFICER
PARIKIDONA,CHOWDEPALLE,fo_11090037,Welcome@123,FO PARIKIDONA,11090037,FIELD_OFFICER
PUDIPATLA,CHOWDEPALLE,fo_11090038,Welcome@123,FO PUDIPATLA,11090038,FIELD_OFFICER
VENGALAPALLE,CHOWDEPALLE,fo_11090039,Welcome@123,FO VENGALAPALLE,11090039,FIELD_OFFICER
AGARAMANGALAM,GANGADHARA NELLORE,fo_11090645,Welcome@123,FO AGARAMANGALAM,11090645,FIELD_OFFICER
AMBODHARAPALLE,GANGADHARA NELLORE,fo_11090646,Welcome@123,FO AMBODHARAPALLE,11090646,FIELD_OFFICER
BALAGANGANAPALLE,GANGADHARA NELLORE,fo_11090647,Welcome@123,FO BALAGANGANAPALLE,11090647,FIELD_OFFICER
BUKKAPATNAM,GANGADHARA NELLORE,fo_11090648,Welcome@123,FO BUKKAPATNAM,11090648,FIELD_OFFICER
CHINNAVEPANJERI,GANGADHARA NELLORE,fo_11090649,Welcome@123,FO CHINNAVEPANJERI,11090649,FIELD_OFFICER
GANGADHARANELLORE,GANGADHARA NELLORE,fo_11090650,Welcome@123,FO GANGADHARANELLORE,11090650,FIELD_OFFICER
KADAPAGUNTA,GANGADHARA NELLORE,fo_11090651,Welcome@123,FO KADAPAGUNTA,11090651,FIELD_OFFICER
KALIJAVEDU,GANGADHARA NELLORE,fo_11090652,Welcome@123,FO KALIJAVEDU,11090652,FIELD_OFFICER
KOTAGARAM,GANGADHARA NELLORE,fo_11090653,Welcome@123,FO KOTAGARAM,11090653,FIELD_OFFICER
KOTHAVENKATAPURAM,GANGADHARA NELLORE,fo_11090654,Welcome@123,FO KOTHAVENKATAPURAM,11090654,FIELD_OFFICER
KOTRAKONA,GANGADHARA NELLORE,fo_11090655,Welcome@123,FO KOTRAKONA,11090655,FIELD_OFFICER
MAHADEVAMANGALAM,GANGADHARA NELLORE,fo_11090656,Welcome@123,FO MAHADEVAMANGALAM,11090656,FIELD_OFFICER
MUKKALATHURU,GANGADHARA NELLORE,fo_11090657,Welcome@123,FO MUKKALATHURU,11090657,FIELD_OFFICER
NELLEPALLE,GANGADHARA NELLORE,fo_11090658,Welcome@123,FO NELLEPALLE,11090658,FIELD_OFFICER
PACHIGUNTA,GANGADHARA NELLORE,fo_11090659,Welcome@123,FO PACHIGUNTA,11090659,FIELD_OFFICER
PAPIREDDYPALLE,GANGADHARA NELLORE,fo_11090660,Welcome@123,FO PAPIREDDYPALLE,11090660,FIELD_OFFICER
PATHAVENKATAPURAM,GANGADHARA NELLORE,fo_11090661,Welcome@123,FO PATHAVENKATAPURAM,11090661,FIELD_OFFICER
PEDDAKALVA,GANGADHARA NELLORE,fo_11090662,Welcome@123,FO PEDDAKALVA,11090662,FIELD_OFFICER
THUGUNDRAM,GANGADHARA NELLORE,fo_11090663,Welcome@123,FO THUGUNDRAM,11090663,FIELD_OFFICER
VARATHURU,GANGADHARA NELLORE,fo_11090664,Welcome@123,FO VARATHURU,11090664,FIELD_OFFICER
VEERAKANELLORE,GANGADHARA NELLORE,fo_11090665,Welcome@123,FO VEERAKANELLORE,11090665,FIELD_OFFICER
VEJJUUPALLE,GANGADHARA NELLORE,fo_11090666,Welcome@123,FO VEJJUUPALLE,11090666,FIELD_OFFICER
VELKURU,GANGADHARA NELLORE,fo_11090667,Welcome@123,FO VELKURU,11090667,FIELD_OFFICER
VEPNAJERI,GANGADHARA NELLORE,fo_11090668,Welcome@123,FO VEPNAJERI,11090668,FIELD_OFFICER
VINJAM,GANGADHARA NELLORE,fo_11090669,Welcome@123,FO VINJAM,11090669,FIELD_OFFICER
DANDAPALLE,GANGAVARAM,fo_11090476,Welcome@123,FO DANDAPALLE,11090476,FIELD_OFFICER
GANDRAJUPALLE1,GANGAVARAM,fo_11090477,Welcome@123,FO GANDRAJUPALLE1,11090477,FIELD_OFFICER
GANDRAJUPALLE2,GANGAVARAM,fo_11090478,Welcome@123,FO GANDRAJUPALLE2,11090478,FIELD_OFFICER
GANGAVARAM1,GANGAVARAM,fo_11090479,Welcome@123,FO GANGAVARAM1,11090479,FIELD_OFFICER
GANGAVARAM2,GANGAVARAM,fo_11090480,Welcome@123,FO GANGAVARAM2,11090480,FIELD_OFFICER
GANGAVARAM3,GANGAVARAM,fo_11090481,Welcome@123,FO GANGAVARAM3,11090481,FIELD_OFFICER
GUNDUGALLU,GANGAVARAM,fo_11090482,Welcome@123,FO GUNDUGALLU,11090482,FIELD_OFFICER
JEEDIMAKULAPALLE,GANGAVARAM,fo_11090483,Welcome@123,FO JEEDIMAKULAPALLE,11090483,FIELD_OFFICER
KALAGATOOR,GANGAVARAM,fo_11090484,Welcome@123,FO KALAGATOOR,11090484,FIELD_OFFICER
KALLUPALLE,GANGAVARAM,fo_11090485,Welcome@123,FO KALLUPALLE,11090485,FIELD_OFFICER
KEELAPALLE,GANGAVARAM,fo_11090486,Welcome@123,FO KEELAPALLE,11090486,FIELD_OFFICER
KEELAPATLA,GANGAVARAM,fo_11090487,Welcome@123,FO KEELAPATLA,11090487,FIELD_OFFICER
KOTHAPALLE,GANGAVARAM,fo_11090488,Welcome@123,FO KOTHAPALLE,11090488,FIELD_OFFICER
MAMADUGU,GANGAVARAM,fo_11090489,Welcome@123,FO MAMADUGU,11090489,FIELD_OFFICER
MELUMOY,GANGAVARAM,fo_11090490,Welcome@123,FO MELUMOY,11090490,FIELD_OFFICER
PASUPATHURU,GANGAVARAM,fo_11090491,Welcome@123,FO PASUPATHURU,11090491,FIELD_OFFICER
PATHIKONDA,GANGAVARAM,fo_11090492,Welcome@123,FO PATHIKONDA,11090492,FIELD_OFFICER
THALLAPALLE,GANGAVARAM,fo_11090493,Welcome@123,FO THALLAPALLE,11090493,FIELD_OFFICER
AGARAM,GUDI PALLE,fo_11090353,Welcome@123,FO AGARAM,11090353,FIELD_OFFICER
BEGGILIPALLI,GUDI PALLE,fo_11090354,Welcome@123,FO BEGGILIPALLI,11090354,FIELD_OFFICER
CHEEKATIPALLI,GUDI PALLE,fo_11090355,Welcome@123,FO CHEEKATIPALLI,11090355,FIELD_OFFICER
CHINNAGOLLAPALLI,GUDI PALLE,fo_11090356,Welcome@123,FO CHINNAGOLLAPALLI,11090356,FIELD_OFFICER
DASAMANIPALLI,GUDI PALLE,fo_11090357,Welcome@123,FO DASAMANIPALLI,11090357,FIELD_OFFICER
GUDUPALLE,GUDI PALLE,fo_11090358,Welcome@123,FO GUDUPALLE,11090358,FIELD_OFFICER
GUNDLASAGARAM,GUDI PALLE,fo_11090359,Welcome@123,FO GUNDLASAGARAM,11090359,FIELD_OFFICER
KANAMANAPALLI,GUDI PALLE,fo_11090360,Welcome@123,FO KANAMANAPALLI,11090360,FIELD_OFFICER
KANCHIBANDARLAPALLI,GUDI PALLE,fo_11090361,Welcome@123,FO KANCHIBANDARLAPALLI,11090361,FIELD_OFFICER
KODATHANAPALLI,GUDI PALLE,fo_11090362,Welcome@123,FO KODATHANAPALLI,11090362,FIELD_OFFICER
KUPPIGANIPALLI,GUDI PALLE,fo_11090363,Welcome@123,FO KUPPIGANIPALLI,11090363,FIELD_OFFICER
O.N.KOTHUR,GUDI PALLE,fo_11090364,Welcome@123,FO O.N.KOTHUR,11090364,FIELD_OFFICER
PEDDABADANAWADA,GUDI PALLE,fo_11090365,Welcome@123,FO PEDDABADANAWADA,11090365,FIELD_OFFICER
POGURUPALLI,GUDI PALLE,fo_11090366,Welcome@123,FO POGURUPALLI,11090366,FIELD_OFFICER
SANGANAPALLI,GUDI PALLE,fo_11090367,Welcome@123,FO SANGANAPALLI,11090367,FIELD_OFFICER
SETTIPALLI,GUDI PALLE,fo_11090368,Welcome@123,FO SETTIPALLI,11090368,FIELD_OFFICER
SODIGANIPALLI,GUDI PALLE,fo_11090369,Welcome@123,FO SODIGANIPALLI,11090369,FIELD_OFFICER
YAMAGANIPALLI,GUDI PALLE,fo_11090370,Welcome@123,FO YAMAGANIPALLI,11090370,FIELD_OFFICER
189KOTHAPALLE,GUDIPALA,fo_11090550,Welcome@123,FO 189KOTHAPALLE,11090550,FIELD_OFFICER
197RAMAPURAM,GUDIPALA,fo_11090551,Welcome@123,FO 197RAMAPURAM,11090551,FIELD_OFFICER
ALPURAM,GUDIPALA,fo_11090553,Welcome@123,FO ALPURAM,11090553,FIELD_OFFICER
BASAVAPALLE,GUDIPALA,fo_11090554,Welcome@123,FO BASAVAPALLE,11090554,FIELD_OFFICER
BOMMASAMUDRAM1,GUDIPALA,fo_11090555,Welcome@123,FO BOMMASAMUDRAM1,11090555,FIELD_OFFICER
CHEELAPALLE,GUDIPALA,fo_11090557,Welcome@123,FO CHEELAPALLE,11090557,FIELD_OFFICER
CHITHAPARA,GUDIPALA,fo_11090558,Welcome@123,FO CHITHAPARA,11090558,FIELD_OFFICER
GUDIPALA,GUDIPALA,fo_11090559,Welcome@123,FO GUDIPALA,11090559,FIELD_OFFICER
MARAKALAKUPPAM,GUDIPALA,fo_11090560,Welcome@123,FO MARAKALAKUPPAM,11090560,FIELD_OFFICER
NANGAMANGALAM,GUDIPALA,fo_11090561,Welcome@123,FO NANGAMANGALAM,11090561,FIELD_OFFICER
NARAGALLU,GUDIPALA,fo_11090562,Welcome@123,FO NARAGALLU,11090562,FIELD_OFFICER
PANATUR,GUDIPALA,fo_11090563,Welcome@123,FO PANATUR,11090563,FIELD_OFFICER
PAPASAMUDRAM,GUDIPALA,fo_11090564,Welcome@123,FO PAPASAMUDRAM,11090564,FIELD_OFFICER
PEYANAPALLE,GUDIPALA,fo_11090565,Welcome@123,FO PEYANAPALLE,11090565,FIELD_OFFICER
RAMABHADRAPURAM,GUDIPALA,fo_11090566,Welcome@123,FO RAMABHADRAPURAM,11090566,FIELD_OFFICER
KUPPIGANIPALLE,GUDIPALA,fo_11090567,Welcome@123,FO KUPPIGANIPALLE,11090567,FIELD_OFFICER
VASANTHAPURAM,GUDIPALA,fo_11090568,Welcome@123,FO VASANTHAPURAM,11090568,FIELD_OFFICER
35-ERLAMPALLE,IRALA,fo_11090595,Welcome@123,FO 35-ERLAMPALLE,11090595,FIELD_OFFICER
CHINAKAMPALLE,IRALA,fo_11090596,Welcome@123,FO CHINAKAMPALLE,11090596,FIELD_OFFICER
CHIGARAPALLE,IRALA,fo_11090597,Welcome@123,FO CHIGARAPALLE,11090597,FIELD_OFFICER
GUNDLAPALLE,IRALA,fo_11090598,Welcome@123,FO GUNDLAPALLE,11090598,FIELD_OFFICER
IRALA,IRALA,fo_11090599,Welcome@123,FO IRALA,11090599,FIELD_OFFICER
IRUVARAMPALLE,IRALA,fo_11090600,Welcome@123,FO IRUVARAMPALLE,11090600,FIELD_OFFICER
KAMINAYANIPALLE,IRALA,fo_11090601,Welcome@123,FO KAMINAYANIPALLE,11090601,FIELD_OFFICER
KANIPAKAM,IRALA,fo_11090602,Welcome@123,FO KANIPAKAM,11090602,FIELD_OFFICER
M.PAIPALLE,IRALA,fo_11090603,Welcome@123,FO M.PAIPALLE,11090603,FIELD_OFFICER
MUDIGOLAM,IRALA,fo_11090604,Welcome@123,FO MUDIGOLAM,11090604,FIELD_OFFICER
ILAVARIPALLE O,IRALA,fo_11090605,Welcome@123,FO ILAVARIPALLE O,11090605,FIELD_OFFICER
NAGAMVADLAPALLE,IRALA,fo_11090606,Welcome@123,FO NAGAMVADLAPALLE,11090606,FIELD_OFFICER
P.ERREPALLE,IRALA,fo_11090607,Welcome@123,FO P.ERREPALLE,11090607,FIELD_OFFICER
PERAIAHGARIPALLE,IRALA,fo_11090608,Welcome@123,FO PERAIAHGARIPALLE,11090608,FIELD_OFFICER
POLAKALA1,IRALA,fo_11090609,Welcome@123,FO POLAKALA1,11090609,FIELD_OFFICER
POLAKALA2,IRALA,fo_11090610,Welcome@123,FO POLAKALA2,11090610,FIELD_OFFICER
PULLUR,IRALA,fo_11090611,Welcome@123,FO PULLUR,11090611,FIELD_OFFICER
PUTHRAMADDI,IRALA,fo_11090612,Welcome@123,FO PUTHRAMADDI,11090612,FIELD_OFFICER
VEDAGIRIVAIPALLE,IRALA,fo_11090613,Welcome@123,FO VEDAGIRIVAIPALLE,11090613,FIELD_OFFICER
ALATHUR,KARVETINAGAR,fo_11090692,Welcome@123,FO ALATHUR,11090692,FIELD_OFFICER
AMMAPALLE,KARVETINAGAR,fo_11090693,Welcome@123,FO AMMAPALLE,11090693,FIELD_OFFICER
ANNUR,KARVETINAGAR,fo_11090694,Welcome@123,FO ANNUR,11090694,FIELD_OFFICER
C.D.KANDRIGA,KARVETINAGAR,fo_11090695,Welcome@123,FO C.D.KANDRIGA,11090695,FIELD_OFFICER
D.M.PURAM,KARVETINAGAR,fo_11090696,Welcome@123,FO D.M.PURAM,11090696,FIELD_OFFICER
GAJANKI,KARVETINAGAR,fo_11090697,Welcome@123,FO GAJANKI,11090697,FIELD_OFFICER
GOPICHETTYPALLE,KARVETINAGAR,fo_11090698,Welcome@123,FO GOPICHETTYPALLE,11090698,FIELD_OFFICER
KARVETINAGAR1,KARVETINAGAR,fo_11090699,Welcome@123,FO KARVETINAGAR1,11090699,FIELD_OFFICER
KARVETINAGAR2,KARVETINAGAR,fo_11090700,Welcome@123,FO KARVETINAGAR2,11090700,FIELD_OFFICER
KARVETINAGAR3,KARVETINAGAR,fo_11090701,Welcome@123,FO KARVETINAGAR3,11090701,FIELD_OFFICER
KATHERAPALLI,KARVETINAGAR,fo_11090702,Welcome@123,FO KATHERAPALLI,11090702,FIELD_OFFICER
KOLLAGUNTA,KARVETINAGAR,fo_11090703,Welcome@123,FO KOLLAGUNTA,11090703,FIELD_OFFICER
KOTARVEDU,KARVETINAGAR,fo_11090704,Welcome@123,FO KOTARVEDU,11090704,FIELD_OFFICER
M.M.VILASAM,KARVETINAGAR,fo_11090705,Welcome@123,FO M.M.VILASAM,11090705,FIELD_OFFICER
R.K.V.BPETA,KARVETINAGAR,fo_11090706,Welcome@123,FO R.K.V.BPETA,11090706,FIELD_OFFICER
ADAVIBUDUGURU,KUPPAM,fo_11090320,Welcome@123,FO ADAVIBUDUGURU,11090320,FIELD_OFFICER
ANIMIGANIPALLI,KUPPAM,fo_11090321,Welcome@123,FO ANIMIGANIPALLI,11090321,FIELD_OFFICER
CHANDAM,KUPPAM,fo_11090322,Welcome@123,FO CHANDAM,11090322,FIELD_OFFICER
CHEELEPALLI,KUPPAM,fo_11090323,Welcome@123,FO CHEELEPALLI,11090323,FIELD_OFFICER
CHEEMANAYANAPALLI,KUPPAM,fo_11090324,Welcome@123,FO CHEEMANAYANAPALLI,11090324,FIELD_OFFICER
CHEKKUNATHAM,KUPPAM,fo_11090325,Welcome@123,FO CHEKKUNATHAM,11090325,FIELD_OFFICER
DALVAIKOTHAPALLI1,KUPPAM,fo_11090326,Welcome@123,FO DALVAIKOTHAPALLI1,11090326,FIELD_OFFICER
DALVAIKOTHAPALLI2,KUPPAM,fo_11090327,Welcome@123,FO DALVAIKOTHAPALLI2,11090327,FIELD_OFFICER
DASEGOWNUR,KUPPAM,fo_11090328,Welcome@123,FO DASEGOWNUR,11090328,FIELD_OFFICER
GARIGACHINEPALLI,KUPPAM,fo_11090329,Welcome@123,FO GARIGACHINEPALLI,11090329,FIELD_OFFICER
JARUGU,KUPPAM,fo_11090330,Welcome@123,FO JARUGU,11090330,FIELD_OFFICER
KAMATHAMURU,KUPPAM,fo_11090331,Welcome@123,FO KAMATHAMURU,11090331,FIELD_OFFICER
KANGUNDI1,KUPPAM,fo_11090332,Welcome@123,FO KANGUNDI1,11090332,FIELD_OFFICER
KANGUNDI2,KUPPAM,fo_11090333,Welcome@123,FO KANGUNDI2,11090333,FIELD_OFFICER
KOTALURU,KUPPAM,fo_11090334,Welcome@123,FO KOTALURU,11090334,FIELD_OFFICER
KOTHAPALLI,KUPPAM,fo_11090335,Welcome@123,FO KOTHAPALLI,11090335,FIELD_OFFICER
KRISHNADASANAPALLI,KUPPAM,fo_11090336,Welcome@123,FO KRISHNADASANAPALLI,11090336,FIELD_OFFICER
KUPPAM1,KUPPAM,fo_11090337,Welcome@123,FO KUPPAM1,11090337,FIELD_OFFICER
KUPPAM2,KUPPAM,fo_11090338,Welcome@123,FO KUPPAM2,11090338,FIELD_OFFICER
KUPPAM3,KUPPAM,fo_11090339,Welcome@123,FO KUPPAM3,11090339,FIELD_OFFICER
KUPPAM4,KUPPAM,fo_11090340,Welcome@123,FO KUPPAM4,11090340,FIELD_OFFICER
KUPPAM5,KUPPAM,fo_11090341,Welcome@123,FO KUPPAM5,11090341,FIELD_OFFICER
MALLANURU-1,KUPPAM,fo_11090342,Welcome@123,FO MALLANURU-1,11090342,FIELD_OFFICER
MANKALDODDI,KUPPAM,fo_11090343,Welcome@123,FO MANKALDODDI,11090343,FIELD_OFFICER
MITTAPALLI,KUPPAM,fo_11090344,Welcome@123,FO MITTAPALLI,11090344,FIELD_OFFICER
NADIMURU,KUPPAM,fo_11090345,Welcome@123,FO NADIMURU,11090345,FIELD_OFFICER
NOOLAKUNTA,KUPPAM,fo_11090346,Welcome@123,FO NOOLAKUNTA,11090346,FIELD_OFFICER
PAIPALYAM,KUPPAM,fo_11090347,Welcome@123,FO PAIPALYAM,11090347,FIELD_OFFICER
PEDDABANGARUNATHAM,KUPPAM,fo_11090348,Welcome@123,FO PEDDABANGARUNATHAM,11090348,FIELD_OFFICER
SAMAGUTTAPALLI,KUPPAM,fo_11090349,Welcome@123,FO SAMAGUTTAPALLI,11090349,FIELD_OFFICER
URLAOBANAPALLI,KUPPAM,fo_11090350,Welcome@123,FO URLAOBANAPALLI,11090350,FIELD_OFFICER
VANAGUTTAPALLI,KUPPAM,fo_11090351,Welcome@123,FO VANAGUTTAPALLI,11090351,FIELD_OFFICER
VENDUGAMPALLI,KUPPAM,fo_11090352,Welcome@123,FO VENDUGAMPALLI,11090352,FIELD_OFFICER
MALLANURU-2,KUPPAM,fo_11091039,Welcome@123,FO MALLANURU-2,11091039,FIELD_OFFICER
ADAVIKOTHURU,NAGARI,fo_11090707,Welcome@123,FO ADAVIKOTHURU,11090707,FIELD_OFFICER
BEERAKUPPAM,NAGARI,fo_11090708,Welcome@123,FO BEERAKUPPAM,11090708,FIELD_OFFICER
BUGGAAGRAHARAM,NAGARI,fo_11090709,Welcome@123,FO BUGGAAGRAHARAM,11090709,FIELD_OFFICER
DAMARAPAKAM,NAGARI,fo_11090710,Welcome@123,FO DAMARAPAKAM,11090710,FIELD_OFFICER
GUNDRAJUKUPPAM,NAGARI,fo_11090711,Welcome@123,FO GUNDRAJUKUPPAM,11090711,FIELD_OFFICER
M.KOTHUR,NAGARI,fo_11090712,Welcome@123,FO M.KOTHUR,11090712,FIELD_OFFICER
MITTAPALEM,NAGARI,fo_11090713,Welcome@123,FO MITTAPALEM,11090713,FIELD_OFFICER
MUDIPALLE,NAGARI,fo_11090714,Welcome@123,FO MUDIPALLE,11090714,FIELD_OFFICER
NAMBAKAM,NAGARI,fo_11090715,Welcome@123,FO NAMBAKAM,11090715,FIELD_OFFICER
OGKUPPAM,NAGARI,fo_11090716,Welcome@123,FO OGKUPPAM,11090716,FIELD_OFFICER
THERANI,NAGARI,fo_11090717,Welcome@123,FO THERANI,11090717,FIELD_OFFICER
VKRPURAM,NAGARI,fo_11090718,Welcome@123,FO VKRPURAM,11090718,FIELD_OFFICER
VNRPETA,NAGARI,fo_11090719,Welcome@123,FO VNRPETA,11090719,FIELD_OFFICER
KAKAVEDU,NAGARI,fo_21118001,Welcome@123,FO KAKAVEDU,21118001,FIELD_OFFICER
KASIMMITTA,NAGARI,fo_21118002,Welcome@123,FO KASIMMITTA,21118002,FIELD_OFFICER
TRKANDRIGA,NAGARI,fo_21118003,Welcome@123,FO TRKANDRIGA,21118003,FIELD_OFFICER
KEELAPATTU,NAGARI,fo_21118004,Welcome@123,FO KEELAPATTU,21118004,FIELD_OFFICER
NETHAMKANDRIGA,NAGARI,fo_21118005,Welcome@123,FO NETHAMKANDRIGA,21118005,FIELD_OFFICER
INDIRANAGAR,NAGARI,fo_21118006,Welcome@123,FO INDIRANAGAR,21118006,FIELD_OFFICER
NTRNAGAR,NAGARI,fo_21118007,Welcome@123,FO NTRNAGAR,21118007,FIELD_OFFICER
EKAMBARAKUPPAMSOUTH,NAGARI,fo_21118008,Welcome@123,FO EKAMBARAKUPPAMSOUTH,21118008,FIELD_OFFICER
RAMANAIDUCOLONY,NAGARI,fo_21118009,Welcome@123,FO RAMANAIDUCOLONY,21118009,FIELD_OFFICER
KARAKANTAPURAM,NAGARI,fo_21118010,Welcome@123,FO KARAKANTAPURAM,21118010,FIELD_OFFICER
SATHRAWADA-01,NAGARI,fo_21118011,Welcome@123,FO SATHRAWADA-01,21118011,FIELD_OFFICER
SATHRAWADA-02,NAGARI,fo_21118012,Welcome@123,FO SATHRAWADA-02,21118012,FIELD_OFFICER
EKAMBARAKUPPAMNORTH,NAGARI,fo_21118013,Welcome@123,FO EKAMBARAKUPPAMNORTH,21118013,FIELD_OFFICER
PUDUPETNORTH,NAGARI,fo_21118014,Welcome@123,FO PUDUPETNORTH,21118014,FIELD_OFFICER
NAGARIWEST,NAGARI,fo_21118015,Welcome@123,FO NAGARIWEST,21118015,FIELD_OFFICER
MPDOOFFICEROAD,NAGARI,fo_21118016,Welcome@123,FO MPDOOFFICEROAD,21118016,FIELD_OFFICER
CHINTHALAPATTADAI,NAGARI,fo_21118017,Welcome@123,FO CHINTHALAPATTADAI,21118017,FIELD_OFFICER
AGARAM,NINDRA,fo_11090285,Welcome@123,FO AGARAM,11090285,FIELD_OFFICER
ARURU,NINDRA,fo_11090286,Welcome@123,FO ARURU,11090286,FIELD_OFFICER
ATHURU,NINDRA,fo_11090287,Welcome@123,FO ATHURU,11090287,FIELD_OFFICER
MELAMBAKAM,NINDRA,fo_11090288,Welcome@123,FO MELAMBAKAM,11090288,FIELD_OFFICER
ELAKATUR,NINDRA,fo_11090289,Welcome@123,FO ELAKATUR,11090289,FIELD_OFFICER
IRUGUVAI,NINDRA,fo_11090290,Welcome@123,FO IRUGUVAI,11090290,FIELD_OFFICER
KAVANURU,NINDRA,fo_11090291,Welcome@123,FO KAVANURU,11090291,FIELD_OFFICER
KOPPEDU,NINDRA,fo_11090292,Welcome@123,FO KOPPEDU,11090292,FIELD_OFFICER
NETTERI,NINDRA,fo_11090294,Welcome@123,FO NETTERI,11090294,FIELD_OFFICER
NINDRA,NINDRA,fo_11090295,Welcome@123,FO NINDRA,11090295,FIELD_OFFICER
PADIRI,NINDRA,fo_11090296,Welcome@123,FO PADIRI,11090296,FIELD_OFFICER
JAGAMARLA,PALAMANER,fo_11090494,Welcome@123,FO JAGAMARLA,11090494,FIELD_OFFICER
JARAVARIPALLI,PALAMANER,fo_11090495,Welcome@123,FO JARAVARIPALLI,11090495,FIELD_OFFICER
KARIDIMADUGU,PALAMANER,fo_11090496,Welcome@123,FO KARIDIMADUGU,11090496,FIELD_OFFICER
GUNDAPALLI,PALAMANER,fo_11090497,Welcome@123,FO GUNDAPALLI,11090497,FIELD_OFFICER
KALLADAM,PALAMANER,fo_11090498,Welcome@123,FO KALLADAM,11090498,FIELD_OFFICER
KURMOI,PALAMANER,fo_11090499,Welcome@123,FO KURMOI,11090499,FIELD_OFFICER
MANDIPETA,PALAMANER,fo_11090500,Welcome@123,FO MANDIPETA,11090500,FIELD_OFFICER
MORAM,PALAMANER,fo_11090501,Welcome@123,FO MORAM,11090501,FIELD_OFFICER
PENGARAGUNTA,PALAMANER,fo_11090502,Welcome@123,FO PENGARAGUNTA,11090502,FIELD_OFFICER
SAMUDRAPALLI,PALAMANER,fo_11090503,Welcome@123,FO SAMUDRAPALLI,11090503,FIELD_OFFICER
T.VODDURU,PALAMANER,fo_11090504,Welcome@123,FO T.VODDURU,11090504,FIELD_OFFICER
KAKATHOPU,PALAMANER,fo_21117001,Welcome@123,FO KAKATHOPU,21117001,FIELD_OFFICER
GANTAVOORU,PALAMANER,fo_21117002,Welcome@123,FO GANTAVOORU,21117002,FIELD_OFFICER
RANGAPURAMU,PALAMANER,fo_21117003,Welcome@123,FO RANGAPURAMU,21117003,FIELD_OFFICER
RKSTREET,PALAMANER,fo_21117004,Welcome@123,FO RKSTREET,21117004,FIELD_OFFICER
PATHAPETA,PALAMANER,fo_21117005,Welcome@123,FO PATHAPETA,21117005,FIELD_OFFICER
OLDPETA-01,PALAMANER,fo_21117006,Welcome@123,FO OLDPETA-01,21117006,FIELD_OFFICER
KOTHAPETA,PALAMANER,fo_21117007,Welcome@123,FO KOTHAPETA,21117007,FIELD_OFFICER
BAZARSTREET,PALAMANER,fo_21117008,Welcome@123,FO BAZARSTREET,21117008,FIELD_OFFICER
YEDDULASANTHASTREET,PALAMANER,fo_21117009,Welcome@123,FO YEDDULASANTHASTREET,21117009,FIELD_OFFICER
OLDPETA-02,PALAMANER,fo_21117010,Welcome@123,FO OLDPETA-02,21117010,FIELD_OFFICER
RAJIVGANDHINAGAR,PALAMANER,fo_21117011,Welcome@123,FO RAJIVGANDHINAGAR,21117011,FIELD_OFFICER
TSAGRAHARAM,PALAMANER,fo_21117012,Welcome@123,FO TSAGRAHARAM,21117012,FIELD_OFFICER
AMUDALA,PALASAMUDRAM,fo_11090670,Welcome@123,FO AMUDALA,11090670,FIELD_OFFICER
BALAKRISHNAPURAM,PALASAMUDRAM,fo_11090671,Welcome@123,FO BALAKRISHNAPURAM,11090671,FIELD_OFFICER
KRISHNAJIMMAPURAM,PALASAMUDRAM,fo_11090672,Welcome@123,FO KRISHNAJIMMAPURAM,11090672,FIELD_OFFICER
NARASIMHAPURAM,PALASAMUDRAM,fo_11090673,Welcome@123,FO NARASIMHAPURAM,11090673,FIELD_OFFICER
PALASAMUDRAM,PALASAMUDRAM,fo_11090674,Welcome@123,FO PALASAMUDRAM,11090674,FIELD_OFFICER
SRIKAVERIRAJAPURAM,PALASAMUDRAM,fo_11090675,Welcome@123,FO SRIKAVERIRAJAPURAM,11090675,FIELD_OFFICER
TIRUMALARAJAPURAM,PALASAMUDRAM,fo_11090676,Welcome@123,FO TIRUMALARAJAPURAM,11090676,FIELD_OFFICER
VANADURGAPURAM,PALASAMUDRAM,fo_11090677,Welcome@123,FO VANADURGAPURAM,11090677,FIELD_OFFICER
VENGALRAJUKUPPAM,PALASAMUDRAM,fo_11090678,Welcome@123,FO VENGALRAJUKUPPAM,11090678,FIELD_OFFICER
AMMARAJUPALLE,PEDDA PANJANI,fo_11090457,Welcome@123,FO AMMARAJUPALLE,11090457,FIELD_OFFICER
APPINAPALLE,PEDDA PANJANI,fo_11090458,Welcome@123,FO APPINAPALLE,11090458,FIELD_OFFICER
BATTAMDODDI,PEDDA PANJANI,fo_11090459,Welcome@123,FO BATTAMDODDI,11090459,FIELD_OFFICER
CHALAMANGALAM,PEDDA PANJANI,fo_11090460,Welcome@123,FO CHALAMANGALAM,11090460,FIELD_OFFICER
CHAMANERU,PEDDA PANJANI,fo_11090461,Welcome@123,FO CHAMANERU,11090461,FIELD_OFFICER
KOGILERU,PEDDA PANJANI,fo_11090462,Welcome@123,FO KOGILERU,11090462,FIELD_OFFICER
KOLATHUR1,PEDDA PANJANI,fo_11090463,Welcome@123,FO KOLATHUR1,11090463,FIELD_OFFICER
THURLAPALLE,PEDDA PANJANI,fo_11090464,Welcome@123,FO THURLAPALLE,11090464,FIELD_OFFICER
LINGAPURAM,PEDDA PANJANI,fo_11090465,Welcome@123,FO LINGAPURAM,11090465,FIELD_OFFICER
MUTHUKUR,PEDDA PANJANI,fo_11090466,Welcome@123,FO MUTHUKUR,11090466,FIELD_OFFICER
NAGIREDDIPALLE,PEDDA PANJANI,fo_11090467,Welcome@123,FO NAGIREDDIPALLE,11090467,FIELD_OFFICER
PEDDAKAPALLE,PEDDA PANJANI,fo_11090468,Welcome@123,FO PEDDAKAPALLE,11090468,FIELD_OFFICER
PEDDAPANJANI,PEDDA PANJANI,fo_11090469,Welcome@123,FO PEDDAPANJANI,11090469,FIELD_OFFICER
PEDDAVELAGATUR,PEDDA PANJANI,fo_11090470,Welcome@123,FO PEDDAVELAGATUR,11090470,FIELD_OFFICER
RAJUPALLE,PEDDA PANJANI,fo_11090471,Welcome@123,FO RAJUPALLE,11090471,FIELD_OFFICER
RAYALAPETA1,PEDDA PANJANI,fo_11090472,Welcome@123,FO RAYALAPETA1,11090472,FIELD_OFFICER
KAMMAPALYAM,PEDDA PANJANI,fo_11090473,Welcome@123,FO KAMMAPALYAM,11090473,FIELD_OFFICER
SANKARAYALAPETA,PEDDA PANJANI,fo_11090474,Welcome@123,FO SANKARAYALAPETA,11090474,FIELD_OFFICER
VEERAPPALLE,PEDDA PANJANI,fo_11090475,Welcome@123,FO VEERAPPALLE,11090475,FIELD_OFFICER
C.RKHANDRIGA,PENUMURU,fo_11090631,Welcome@123,FO C.RKHANDRIGA,11090631,FIELD_OFFICER
CHARVAGANIPALLE,PENUMURU,fo_11090632,Welcome@123,FO CHARVAGANIPALLE,11090632,FIELD_OFFICER
CHINTHAPENTA,PENUMURU,fo_11090633,Welcome@123,FO CHINTHAPENTA,11090633,FIELD_OFFICER
GANGUPALLE,PENUMURU,fo_11090634,Welcome@123,FO GANGUPALLE,11090634,FIELD_OFFICER
GUNTIPALLE,PENUMURU,fo_11090635,Welcome@123,FO GUNTIPALLE,11090635,FIELD_OFFICER
KALIKIRI,PENUMURU,fo_11090636,Welcome@123,FO KALIKIRI,11090636,FIELD_OFFICER
KALVAGUNTA,PENUMURU,fo_11090637,Welcome@123,FO KALVAGUNTA,11090637,FIELD_OFFICER
KAMACHINNAIAPALLE,PENUMURU,fo_11090638,Welcome@123,FO KAMACHINNAIAPALLE,11090638,FIELD_OFFICER
PENUMURU,PENUMURU,fo_11090639,Welcome@123,FO PENUMURU,11090639,FIELD_OFFICER
PULIKALLU,PENUMURU,fo_11090640,Welcome@123,FO PULIKALLU,11090640,FIELD_OFFICER
RAMAKRISHNAPURAM,PENUMURU,fo_11090641,Welcome@123,FO RAMAKRISHNAPURAM,11090641,FIELD_OFFICER
SAMIREDDIPALLE,PENUMURU,fo_11090642,Welcome@123,FO SAMIREDDIPALLE,11090642,FIELD_OFFICER
SATHAMBAKAM,PENUMURU,fo_11090643,Welcome@123,FO SATHAMBAKAM,11090643,FIELD_OFFICER
THATIMAKULAPALLE,PENUMURU,fo_11090644,Welcome@123,FO THATIMAKULAPALLE,11090644,FIELD_OFFICER
DEVALAMPET,PULICHERLA,fo_11090762,Welcome@123,FO DEVALAMPET,11090762,FIELD_OFFICER
DIGUVAPOKALAVARIPALLE,PULICHERLA,fo_11090763,Welcome@123,FO DIGUVAPOKALAVARIPALLE,11090763,FIELD_OFFICER
ERRAPAPIREDDIGARIPALLE,PULICHERLA,fo_11090764,Welcome@123,FO ERRAPAPIREDDIGARIPALLE,11090764,FIELD_OFFICER
GADDAMVARIPALLE,PULICHERLA,fo_11090765,Welcome@123,FO GADDAMVARIPALLE,11090765,FIELD_OFFICER
KALLURU1,PULICHERLA,fo_11090766,Welcome@123,FO KALLURU1,11090766,FIELD_OFFICER
KALLURU2,PULICHERLA,fo_11090767,Welcome@123,FO KALLURU2,11090767,FIELD_OFFICER
KAMMAPALLE,PULICHERLA,fo_11090768,Welcome@123,FO KAMMAPALLE,11090768,FIELD_OFFICER
KAVETIGARIPALLE,PULICHERLA,fo_11090769,Welcome@123,FO KAVETIGARIPALLE,11090769,FIELD_OFFICER
MANGALAMPETA,PULICHERLA,fo_11090770,Welcome@123,FO MANGALAMPETA,11090770,FIELD_OFFICER
MATHUKUVARIPALLE,PULICHERLA,fo_11090771,Welcome@123,FO MATHUKUVARIPALLE,11090771,FIELD_OFFICER
PULICHERLA,PULICHERLA,fo_11090772,Welcome@123,FO PULICHERLA,11090772,FIELD_OFFICER
MADDEVARIPALLI,PULICHERLA,fo_11090773,Welcome@123,FO MADDEVARIPALLI,11090773,FIELD_OFFICER
VENKATADASARAPALLE,PULICHERLA,fo_11090774,Welcome@123,FO VENKATADASARAPALLE,11090774,FIELD_OFFICER
YELLANKIVARIPALLE,PULICHERLA,fo_11090775,Welcome@123,FO YELLANKIVARIPALLE,11090775,FIELD_OFFICER
ARADIGUNTA,PUNGANUR,fo_11090040,Welcome@123,FO ARADIGUNTA,11090040,FIELD_OFFICER
BANDLAPALLE,PUNGANUR,fo_11090041,Welcome@123,FO BANDLAPALLE,11090041,FIELD_OFFICER
BHEEMAGANIPALLE,PUNGANUR,fo_11090042,Welcome@123,FO BHEEMAGANIPALLE,11090042,FIELD_OFFICER
BODEVARIPALLE,PUNGANUR,fo_11090043,Welcome@123,FO BODEVARIPALLE,11090043,FIELD_OFFICER
CHADALLA,PUNGANUR,fo_11090044,Welcome@123,FO CHADALLA,11090044,FIELD_OFFICER
CHANDRAMAKULAPALLE,PUNGANUR,fo_11090045,Welcome@123,FO CHANDRAMAKULAPALLE,11090045,FIELD_OFFICER
EATHURU,PUNGANUR,fo_11090046,Welcome@123,FO EATHURU,11090046,FIELD_OFFICER
GUDISABANDA,PUNGANUR,fo_11090047,Welcome@123,FO GUDISABANDA,11090047,FIELD_OFFICER
KAPADAMITTAPALLE,PUNGANUR,fo_11090048,Welcome@123,FO KAPADAMITTAPALLE,11090048,FIELD_OFFICER
MAGANDLAPALLE,PUNGANUR,fo_11090049,Welcome@123,FO MAGANDLAPALLE,11090049,FIELD_OFFICER
MANGALAM,PUNGANUR,fo_11090050,Welcome@123,FO MANGALAM,11090050,FIELD_OFFICER
MITTACHINTHAVARIPALLE,PUNGANUR,fo_11090051,Welcome@123,FO MITTACHINTHAVARIPALLE,11090051,FIELD_OFFICER
MODUGULAPALLE,PUNGANUR,fo_11090052,Welcome@123,FO MODUGULAPALLE,11090052,FIELD_OFFICER
NEKKONDI,PUNGANUR,fo_11090053,Welcome@123,FO NEKKONDI,11090053,FIELD_OFFICER
NETHIGUTLAPALLE,PUNGANUR,fo_11090054,Welcome@123,FO NETHIGUTLAPALLE,11090054,FIELD_OFFICER
PALEMPALLE,PUNGANUR,fo_11090055,Welcome@123,FO PALEMPALLE,11090055,FIELD_OFFICER
RAGANIPALLE,PUNGANUR,fo_11090056,Welcome@123,FO RAGANIPALLE,11090056,FIELD_OFFICER
SINGIRIKUNTA,PUNGANUR,fo_11090057,Welcome@123,FO SINGIRIKUNTA,11090057,FIELD_OFFICER
SUGALIMITTA,PUNGANUR,fo_11090058,Welcome@123,FO SUGALIMITTA,11090058,FIELD_OFFICER
VANAMALADINNE1,PUNGANUR,fo_11090059,Welcome@123,FO VANAMALADINNE1,11090059,FIELD_OFFICER
KUMMARAGUNTA,PUNGANUR,fo_11090060,Welcome@123,FO KUMMARAGUNTA,11090060,FIELD_OFFICER
BHAGATHSINGHCOLONY,PUNGANUR,fo_21010001,Welcome@123,FO BHAGATHSINGHCOLONY,21010001,FIELD_OFFICER
CHANDRAMOULIMARKET,PUNGANUR,fo_21010002,Welcome@123,FO CHANDRAMOULIMARKET,21010002,FIELD_OFFICER
RAHAMATHNAGAR,PUNGANUR,fo_21010003,Welcome@123,FO RAHAMATHNAGAR,21010003,FIELD_OFFICER
THURPUMOGASALA-01,PUNGANUR,fo_21010004,Welcome@123,FO THURPUMOGASALA-01,21010004,FIELD_OFFICER
THURPUMOGASALA-02,PUNGANUR,fo_21010005,Welcome@123,FO THURPUMOGASALA-02,21010005,FIELD_OFFICER
TERUVEEDHI-01,PUNGANUR,fo_21010006,Welcome@123,FO TERUVEEDHI-01,21010006,FIELD_OFFICER
TERUVEEDHI-02,PUNGANUR,fo_21010007,Welcome@123,FO TERUVEEDHI-02,21010007,FIELD_OFFICER
NANABALASTREET,PUNGANUR,fo_21010008,Welcome@123,FO NANABALASTREET,21010008,FIELD_OFFICER
TERUVEEDHI-03,PUNGANUR,fo_21010009,Welcome@123,FO TERUVEEDHI-03,21010009,FIELD_OFFICER
TERUVEEDHI-04,PUNGANUR,fo_21010010,Welcome@123,FO TERUVEEDHI-04,21010010,FIELD_OFFICER
BDCOLONY-01,PUNGANUR,fo_21010011,Welcome@123,FO BDCOLONY-01,21010011,FIELD_OFFICER
BDCOLONY-02,PUNGANUR,fo_21010012,Welcome@123,FO BDCOLONY-02,21010012,FIELD_OFFICER
GOKULCIRCLE,PUNGANUR,fo_21010013,Welcome@123,FO GOKULCIRCLE,21010013,FIELD_OFFICER
KOTHAINDLU-01,PUNGANUR,fo_21010014,Welcome@123,FO KOTHAINDLU-01,21010014,FIELD_OFFICER
KOTHAINDLU-02,PUNGANUR,fo_21010015,Welcome@123,FO KOTHAINDLU-02,21010015,FIELD_OFFICER
KOTHAPETA,PUNGANUR,fo_21010016,Welcome@123,FO KOTHAPETA,21010016,FIELD_OFFICER
AYYAPPAGARIPALLE,PUTHALAPATTU,fo_11090614,Welcome@123,FO AYYAPPAGARIPALLE,11090614,FIELD_OFFICER
BAITAPALLE,PUTHALAPATTU,fo_11090615,Welcome@123,FO BAITAPALLE,11090615,FIELD_OFFICER
CHITIPIRALLA,PUTHALAPATTU,fo_11090616,Welcome@123,FO CHITIPIRALLA,11090616,FIELD_OFFICER
GANDLAPALLE,PUTHALAPATTU,fo_11090617,Welcome@123,FO GANDLAPALLE,11090617,FIELD_OFFICER
GODUGUCHINTA,PUTHALAPATTU,fo_11090618,Welcome@123,FO GODUGUCHINTA,11090618,FIELD_OFFICER
M.BANDAPALLE,PUTHALAPATTU,fo_11090619,Welcome@123,FO M.BANDAPALLE,11090619,FIELD_OFFICER
Palakuru,PUTHALAPATTU,fo_11090620,Welcome@123,FO Palakuru,11090620,FIELD_OFFICER
P.KOTHAKOTA,PUTHALAPATTU,fo_11090621,Welcome@123,FO P.KOTHAKOTA,11090621,FIELD_OFFICER
POLAVARAM,PUTHALAPATTU,fo_11090622,Welcome@123,FO POLAVARAM,11090622,FIELD_OFFICER
THALAPULAPALLI,PUTHALAPATTU,fo_11090623,Welcome@123,FO THALAPULAPALLI,11090623,FIELD_OFFICER
PETAAGRAHARAM,PUTHALAPATTU,fo_11090624,Welcome@123,FO PETAAGRAHARAM,11090624,FIELD_OFFICER
POTUKANUMA,PUTHALAPATTU,fo_11090625,Welcome@123,FO POTUKANUMA,11090625,FIELD_OFFICER
PUTHALAPATTU1,PUTHALAPATTU,fo_11090626,Welcome@123,FO PUTHALAPATTU1,11090626,FIELD_OFFICER
PUTHALAPATTU2,PUTHALAPATTU,fo_11090627,Welcome@123,FO PUTHALAPATTU2,11090627,FIELD_OFFICER
THENEPALLE,PUTHALAPATTU,fo_11090628,Welcome@123,FO THENEPALLE,11090628,FIELD_OFFICER
VAVILTHOTA,PUTHALAPATTU,fo_11090629,Welcome@123,FO VAVILTHOTA,11090629,FIELD_OFFICER
VEPANAPALLE,PUTHALAPATTU,fo_11090630,Welcome@123,FO VEPANAPALLE,11090630,FIELD_OFFICER
89-PEDDURU,RAMA KUPPAM,fo_11090392,Welcome@123,FO 89-PEDDURU,11090392,FIELD_OFFICER
ANIGANURU,RAMA KUPPAM,fo_11090393,Welcome@123,FO ANIGANURU,11090393,FIELD_OFFICER
BAIPAREDLAPALLE,RAMA KUPPAM,fo_11090394,Welcome@123,FO BAIPAREDLAPALLE,11090394,FIELD_OFFICER
BALLA,RAMA KUPPAM,fo_11090395,Welcome@123,FO BALLA,11090395,FIELD_OFFICER
BANDARLAPALLE1,RAMA KUPPAM,fo_11090396,Welcome@123,FO BANDARLAPALLE1,11090396,FIELD_OFFICER
BANDARLAPALLE2,RAMA KUPPAM,fo_11090397,Welcome@123,FO BANDARLAPALLE2,11090397,FIELD_OFFICER
CHELDIGANIPALLE,RAMA KUPPAM,fo_11090398,Welcome@123,FO CHELDIGANIPALLE,11090398,FIELD_OFFICER
GORIVIMAKULAPALLE,RAMA KUPPAM,fo_11090399,Welcome@123,FO GORIVIMAKULAPALLE,11090399,FIELD_OFFICER
KENCHANABALLA,RAMA KUPPAM,fo_11090400,Welcome@123,FO KENCHANABALLA,11090400,FIELD_OFFICER
KONGANAPALLE,RAMA KUPPAM,fo_11090401,Welcome@123,FO KONGANAPALLE,11090401,FIELD_OFFICER
MANEEMDRAM,RAMA KUPPAM,fo_11090402,Welcome@123,FO MANEEMDRAM,11090402,FIELD_OFFICER
MUDDANAPALLE,RAMA KUPPAM,fo_11090403,Welcome@123,FO MUDDANAPALLE,11090403,FIELD_OFFICER
NANIYALATHANDA,RAMA KUPPAM,fo_11090404,Welcome@123,FO NANIYALATHANDA,11090404,FIELD_OFFICER
NARAYANAPURAMTHANDA,RAMA KUPPAM,fo_11090405,Welcome@123,FO NARAYANAPURAMTHANDA,11090405,FIELD_OFFICER
PMKTHANDA,RAMA KUPPAM,fo_11090406,Welcome@123,FO PMKTHANDA,11090406,FIELD_OFFICER
PANDYALAMADUGU,RAMA KUPPAM,fo_11090407,Welcome@123,FO PANDYALAMADUGU,11090407,FIELD_OFFICER
RAMAKUPPAM1,RAMA KUPPAM,fo_11090408,Welcome@123,FO RAMAKUPPAM1,11090408,FIELD_OFFICER
RAMAKUPPAM2,RAMA KUPPAM,fo_11090409,Welcome@123,FO RAMAKUPPAM2,11090409,FIELD_OFFICER
SINGASAMUDRAM,RAMA KUPPAM,fo_11090410,Welcome@123,FO SINGASAMUDRAM,11090410,FIELD_OFFICER
VEERNAMALA,RAMA KUPPAM,fo_11090411,Welcome@123,FO VEERNAMALA,11090411,FIELD_OFFICER
VIJILAPURAM,RAMA KUPPAM,fo_11090412,Welcome@123,FO VIJILAPURAM,11090412,FIELD_OFFICER
BANDAKINDAPALLE,ROMPICHERLA,fo_11090156,Welcome@123,FO BANDAKINDAPALLE,11090156,FIELD_OFFICER
BOMMAIAHGARIPALLE,ROMPICHERLA,fo_11090157,Welcome@123,FO BOMMAIAHGARIPALLE,11090157,FIELD_OFFICER
CHICHILIVARIPALLE,ROMPICHERLA,fo_11090158,Welcome@123,FO CHICHILIVARIPALLE,11090158,FIELD_OFFICER
GANUGACHINTHA,ROMPICHERLA,fo_11090159,Welcome@123,FO GANUGACHINTHA,11090159,FIELD_OFFICER
MOTUMALLELA,ROMPICHERLA,fo_11090160,Welcome@123,FO MOTUMALLELA,11090160,FIELD_OFFICER
PEDDAMALLELA,ROMPICHERLA,fo_11090161,Welcome@123,FO PEDDAMALLELA,11090161,FIELD_OFFICER
ROMPICHERLA1,ROMPICHERLA,fo_11090162,Welcome@123,FO ROMPICHERLA1,11090162,FIELD_OFFICER
ROMPICHERLA2,ROMPICHERLA,fo_11090163,Welcome@123,FO ROMPICHERLA2,11090163,FIELD_OFFICER
121PEDDURU,SANTHI PURAM,fo_11090371,Welcome@123,FO 121PEDDURU,11090371,FIELD_OFFICER
30SONNEGANIPALLE,SANTHI PURAM,fo_11090373,Welcome@123,FO 30SONNEGANIPALLE,11090373,FIELD_OFFICER
64PEDDURU,SANTHI PURAM,fo_11090374,Welcome@123,FO 64PEDDURU,11090374,FIELD_OFFICER
ABAKALADODDI,SANTHI PURAM,fo_11090375,Welcome@123,FO ABAKALADODDI,11090375,FIELD_OFFICER
ANIKERA,SANTHI PURAM,fo_11090376,Welcome@123,FO ANIKERA,11090376,FIELD_OFFICER
C.BANDAPALLE,SANTHI PURAM,fo_11090377,Welcome@123,FO C.BANDAPALLE,11090377,FIELD_OFFICER
CHENGUBALLA,SANTHI PURAM,fo_11090378,Welcome@123,FO CHENGUBALLA,11090378,FIELD_OFFICER
CHINNARIDODDI,SANTHI PURAM,fo_11090379,Welcome@123,FO CHINNARIDODDI,11090379,FIELD_OFFICER
DANDIKUPPAM,SANTHI PURAM,fo_11090380,Welcome@123,FO DANDIKUPPAM,11090380,FIELD_OFFICER
GUNJARLAPALLE,SANTHI PURAM,fo_11090381,Welcome@123,FO GUNJARLAPALLE,11090381,FIELD_OFFICER
KADAPALLE,SANTHI PURAM,fo_11090382,Welcome@123,FO KADAPALLE,11090382,FIELD_OFFICER
KARLAGATTA,SANTHI PURAM,fo_11090383,Welcome@123,FO KARLAGATTA,11090383,FIELD_OFFICER
KENAMAKULAPALLE1,SANTHI PURAM,fo_11090384,Welcome@123,FO KENAMAKULAPALLE1,11090384,FIELD_OFFICER
KENAMAKULAPALLE2,SANTHI PURAM,fo_11090385,Welcome@123,FO KENAMAKULAPALLE2,11090385,FIELD_OFFICER
KOLAMADUGU,SANTHI PURAM,fo_11090386,Welcome@123,FO KOLAMADUGU,11090386,FIELD_OFFICER
MATTAM,SANTHI PURAM,fo_11090387,Welcome@123,FO MATTAM,11090387,FIELD_OFFICER
MORASANAPALLE,SANTHI PURAM,fo_11090388,Welcome@123,FO MORASANAPALLE,11090388,FIELD_OFFICER
MULLURUKRISHNAPURAM,SANTHI PURAM,fo_11090389,Welcome@123,FO MULLURUKRISHNAPURAM,11090389,FIELD_OFFICER
RALLABUDUGURU,SANTHI PURAM,fo_11090390,Welcome@123,FO RALLABUDUGURU,11090390,FIELD_OFFICER
SIVARAMAPURAM,SANTHI PURAM,fo_11090391,Welcome@123,FO SIVARAMAPURAM,11090391,FIELD_OFFICER
AMMAGARIPALLE,SODAM,fo_11090001,Welcome@123,FO AMMAGARIPALLE,11090001,FIELD_OFFICER
BOORAGAMANDA,SODAM,fo_11090002,Welcome@123,FO BOORAGAMANDA,11090002,FIELD_OFFICER
CHERUKUVARIPALLE,SODAM,fo_11090003,Welcome@123,FO CHERUKUVARIPALLE,11090003,FIELD_OFFICER
KHAMBAMVARIPALLE,SODAM,fo_11090004,Welcome@123,FO KHAMBAMVARIPALLE,11090004,FIELD_OFFICER
NADIGADDA,SODAM,fo_11090005,Welcome@123,FO NADIGADDA,11090005,FIELD_OFFICER
PALAMANDA,SODAM,fo_11090006,Welcome@123,FO PALAMANDA,11090006,FIELD_OFFICER
SODAM1,SODAM,fo_11090007,Welcome@123,FO SODAM1,11090007,FIELD_OFFICER
SODAM2,SODAM,fo_11090008,Welcome@123,FO SODAM2,11090008,FIELD_OFFICER
THIMMANAYANAPALLE,SODAM,fo_11090009,Welcome@123,FO THIMMANAYANAPALLE,11090009,FIELD_OFFICER
VOOTUPALLE,SODAM,fo_11090010,Welcome@123,FO VOOTUPALLE,11090010,FIELD_OFFICER
YARRATHIVARIPALLE,SODAM,fo_11090011,Welcome@123,FO YARRATHIVARIPALLE,11090011,FIELD_OFFICER
81CHINNAUPPARAPALLI,SOMALA,fo_11090012,Welcome@123,FO 81CHINNAUPPARAPALLI,11090012,FIELD_OFFICER
ANNEMMAGARIPALLI,SOMALA,fo_11090013,Welcome@123,FO ANNEMMAGARIPALLI,11090013,FIELD_OFFICER
AVULAPALLI,SOMALA,fo_11090014,Welcome@123,FO AVULAPALLI,11090014,FIELD_OFFICER
"BAZARSTREET,NANJAMPETA",SOMALA,fo_11090015,Welcome@123,"FO BAZARSTREET,NANJAMPETA",11090015,FIELD_OFFICER
HARIJANAWADA,SOMALA,fo_11090016,Welcome@123,FO HARIJANAWADA,11090016,FIELD_OFFICER
IRIKIPENTA,SOMALA,fo_11090017,Welcome@123,FO IRIKIPENTA,11090017,FIELD_OFFICER
"KONETISTREET,KANDUR",SOMALA,fo_11090018,Welcome@123,"FO KONETISTREET,KANDUR",11090018,FIELD_OFFICER
PEDDAUPPARAPALLI,SOMALA,fo_11090019,Welcome@123,FO PEDDAUPPARAPALLI,11090019,FIELD_OFFICER
PODALAKUNTLAPALLI,SOMALA,fo_11090020,Welcome@123,FO PODALAKUNTLAPALLI,11090020,FIELD_OFFICER
SOMALA1,SOMALA,fo_11090021,Welcome@123,FO SOMALA1,11090021,FIELD_OFFICER
DIDDIVARIPALLE,SOMALA,fo_11090022,Welcome@123,FO DIDDIVARIPALLE,11090022,FIELD_OFFICER
"THETTUPALLI,NELLIMANDA",SOMALA,fo_11090023,Welcome@123,"FO THETTUPALLI,NELLIMANDA",11090023,FIELD_OFFICER
VALLIGATLA,SOMALA,fo_11090024,Welcome@123,FO VALLIGATLA,11090024,FIELD_OFFICER
A.M.PURAM,SRIRANGARAJAPURAM,fo_11090679,Welcome@123,FO A.M.PURAM,11090679,FIELD_OFFICER
KATIKAPALLI,SRIRANGARAJAPURAM,fo_11090680,Welcome@123,FO KATIKAPALLI,11090680,FIELD_OFFICER
KOTHAPALLI,SRIRANGARAJAPURAM,fo_11090681,Welcome@123,FO KOTHAPALLI,11090681,FIELD_OFFICER
MUDIKUPPAM,SRIRANGARAJAPURAM,fo_11090682,Welcome@123,FO MUDIKUPPAM,11090682,FIELD_OFFICER
NELAVOY,SRIRANGARAJAPURAM,fo_11090683,Welcome@123,FO NELAVOY,11090683,FIELD_OFFICER
PADMAPURAM,SRIRANGARAJAPURAM,fo_11090684,Welcome@123,FO PADMAPURAM,11090684,FIELD_OFFICER
PILLARIKUPPAM,SRIRANGARAJAPURAM,fo_11090685,Welcome@123,FO PILLARIKUPPAM,11090685,FIELD_OFFICER
PULLUR,SRIRANGARAJAPURAM,fo_11090686,Welcome@123,FO PULLUR,11090686,FIELD_OFFICER
S.R.PURAM,SRIRANGARAJAPURAM,fo_11090687,Welcome@123,FO S.R.PURAM,11090687,FIELD_OFFICER
SETTIVANATHAM,SRIRANGARAJAPURAM,fo_11090688,Welcome@123,FO SETTIVANATHAM,11090688,FIELD_OFFICER
THAYYURU,SRIRANGARAJAPURAM,fo_11090689,Welcome@123,FO THAYYURU,11090689,FIELD_OFFICER
V.V.PURAM,SRIRANGARAJAPURAM,fo_11090690,Welcome@123,FO V.V.PURAM,11090690,FIELD_OFFICER
VENKATAPURAM,SRIRANGARAJAPURAM,fo_11090691,Welcome@123,FO VENKATAPURAM,11090691,FIELD_OFFICER
ARAGONDA1,THAVANAMPALLE,fo_11090578,Welcome@123,FO ARAGONDA1,11090578,FIELD_OFFICER
PAIMAGHAM,THAVANAMPALLE,fo_11090579,Welcome@123,FO PAIMAGHAM,11090579,FIELD_OFFICER
CHERLOPALLE,THAVANAMPALLE,fo_11090580,Welcome@123,FO CHERLOPALLE,11090580,FIELD_OFFICER
T.PUTTUR,THAVANAMPALLE,fo_11090581,Welcome@123,FO T.PUTTUR,11090581,FIELD_OFFICER
JONNAGURUKULA,THAVANAMPALLE,fo_11090582,Welcome@123,FO JONNAGURUKULA,11090582,FIELD_OFFICER
E.THAVANAMPALLE,THAVANAMPALLE,fo_11090583,Welcome@123,FO E.THAVANAMPALLE,11090583,FIELD_OFFICER
GOVINDAREDDYPALLE,THAVANAMPALLE,fo_11090584,Welcome@123,FO GOVINDAREDDYPALLE,11090584,FIELD_OFFICER
SARAKALLU,THAVANAMPALLE,fo_11090585,Welcome@123,FO SARAKALLU,11090585,FIELD_OFFICER
DIGUVA MAGHAM,THAVANAMPALLE,fo_11090586,Welcome@123,FO DIGUVA MAGHAM,11090586,FIELD_OFFICER
MALLAKUNTA,THAVANAMPALLE,fo_11090587,Welcome@123,FO MALLAKUNTA,11090587,FIELD_OFFICER
MATHYAM,THAVANAMPALLE,fo_11090588,Welcome@123,FO MATHYAM,11090588,FIELD_OFFICER
NALLISETTIPALLE,THAVANAMPALLE,fo_11090589,Welcome@123,FO NALLISETTIPALLE,11090589,FIELD_OFFICER
PALLECHERUVU,THAVANAMPALLE,fo_11090590,Welcome@123,FO PALLECHERUVU,11090590,FIELD_OFFICER
PATNAM,THAVANAMPALLE,fo_11090591,Welcome@123,FO PATNAM,11090591,FIELD_OFFICER
PUNYASAMUDRAM,THAVANAMPALLE,fo_11090592,Welcome@123,FO PUNYASAMUDRAM,11090592,FIELD_OFFICER
THAVANAMPALLE,THAVANAMPALLE,fo_11090593,Welcome@123,FO THAVANAMPALLE,11090593,FIELD_OFFICER
VENGAMPALLE,THAVANAMPALLE,fo_11090594,Welcome@123,FO VENGAMPALLE,11090594,FIELD_OFFICER
ALLAMADUGU,VEDURU KUPPAM,fo_11090730,Welcome@123,FO ALLAMADUGU,11090730,FIELD_OFFICER
THIPPINAIDU PALLI,VEDURU KUPPAM,fo_11090731,Welcome@123,FO THIPPINAIDU PALLI,11090731,FIELD_OFFICER
BRAHMANAPALLI,VEDURU KUPPAM,fo_11090732,Welcome@123,FO BRAHMANAPALLI,11090732,FIELD_OFFICER
JAKKIDONA,VEDURU KUPPAM,fo_11090733,Welcome@123,FO JAKKIDONA,11090733,FIELD_OFFICER
KOMARAGUNTA,VEDURU KUPPAM,fo_11090734,Welcome@123,FO KOMARAGUNTA,11090734,FIELD_OFFICER
MAMBEDU,VEDURU KUPPAM,fo_11090735,Welcome@123,FO MAMBEDU,11090735,FIELD_OFFICER
NALLAVENGANAPALLE,VEDURU KUPPAM,fo_11090736,Welcome@123,FO NALLAVENGANAPALLE,11090736,FIELD_OFFICER
PACHIKAPALLAM,VEDURU KUPPAM,fo_11090737,Welcome@123,FO PACHIKAPALLAM,11090737,FIELD_OFFICER
PATHAGUNTA,VEDURU KUPPAM,fo_11090738,Welcome@123,FO PATHAGUNTA,11090738,FIELD_OFFICER
PERUMALLAPALLE,VEDURU KUPPAM,fo_11090739,Welcome@123,FO PERUMALLAPALLE,11090739,FIELD_OFFICER
THIRUMALAIAHPALLE1,VEDURU KUPPAM,fo_11090740,Welcome@123,FO THIRUMALAIAHPALLE1,11090740,FIELD_OFFICER
DEVARAGUDIPALLE,VEDURU KUPPAM,fo_11090741,Welcome@123,FO DEVARAGUDIPALLE,11090741,FIELD_OFFICER
VEDURUKUPPAM,VEDURU KUPPAM,fo_11090742,Welcome@123,FO VEDURUKUPPAM,11090742,FIELD_OFFICER
BAIRUPALLI,VENKATAGIRI KOTA,fo_11090413,Welcome@123,FO BAIRUPALLI,11090413,FIELD_OFFICER
BODIGTLAPALLI,VENKATAGIRI KOTA,fo_11090414,Welcome@123,FO BODIGTLAPALLI,11090414,FIELD_OFFICER
BOYACHINNAGANAPALLE,VENKATAGIRI KOTA,fo_11090415,Welcome@123,FO BOYACHINNAGANAPALLE,11090415,FIELD_OFFICER
CHINTAMAKULAPALLE,VENKATAGIRI KOTA,fo_11090416,Welcome@123,FO CHINTAMAKULAPALLE,11090416,FIELD_OFFICER
GONUMAKULAPALLE,VENKATAGIRI KOTA,fo_11090417,Welcome@123,FO GONUMAKULAPALLE,11090417,FIELD_OFFICER
JOUNIPALLE,VENKATAGIRI KOTA,fo_11090418,Welcome@123,FO JOUNIPALLE,11090418,FIELD_OFFICER
KONGATAM1,VENKATAGIRI KOTA,fo_11090419,Welcome@123,FO KONGATAM1,11090419,FIELD_OFFICER
SIVUNIKUPPAM,VENKATAGIRI KOTA,fo_11090420,Welcome@123,FO SIVUNIKUPPAM,11090420,FIELD_OFFICER
PADIGLAKUPPA,VENKATAGIRI KOTA,fo_11090421,Welcome@123,FO PADIGLAKUPPA,11090421,FIELD_OFFICER
KRISHNAPURAM,VENKATAGIRI KOTA,fo_11090422,Welcome@123,FO KRISHNAPURAM,11090422,FIELD_OFFICER
KUMBARLAPALLI,VENKATAGIRI KOTA,fo_11090423,Welcome@123,FO KUMBARLAPALLI,11090423,FIELD_OFFICER
MUDARAMDODDI1,VENKATAGIRI KOTA,fo_11090424,Welcome@123,FO MUDARAMDODDI1,11090424,FIELD_OFFICER
SUDDALAKUPPA,VENKATAGIRI KOTA,fo_11090425,Welcome@123,FO SUDDALAKUPPA,11090425,FIELD_OFFICER
MADDIMAKULAP,VENKATAGIRI KOTA,fo_11090426,Welcome@123,FO MADDIMAKULAP,11090426,FIELD_OFFICER
NERNIPALLE,VENKATAGIRI KOTA,fo_11090427,Welcome@123,FO NERNIPALLE,11090427,FIELD_OFFICER
PAMUGANIPALLE,VENKATAGIRI KOTA,fo_11090428,Welcome@123,FO PAMUGANIPALLE,11090428,FIELD_OFFICER
PEDHABARNAPALLI,VENKATAGIRI KOTA,fo_11090429,Welcome@123,FO PEDHABARNAPALLI,11090429,FIELD_OFFICER
VOGU,VENKATAGIRI KOTA,fo_11090430,Welcome@123,FO VOGU,11090430,FIELD_OFFICER
THOTAKANUMA,VENKATAGIRI KOTA,fo_11090431,Welcome@123,FO THOTAKANUMA,11090431,FIELD_OFFICER
PAPEPALLE OF V.,VENKATAGIRI KOTA,fo_11090432,Welcome@123,FO PAPEPALLE OF V.,11090432,FIELD_OFFICER
DASARLAPALLE,VENKATAGIRI KOTA,fo_11090433,Welcome@123,FO DASARLAPALLE,11090433,FIELD_OFFICER
PATRAPALLE OF,VENKATAGIRI KOTA,fo_11090434,Welcome@123,FO PATRAPALLE OF,11090434,FIELD_OFFICER
BHARATH NAGA,VENKATAGIRI KOTA,fo_11090435,Welcome@123,FO BHARATH NAGA,11090435,FIELD_OFFICER
AMBEDKAR NAG,VENKATAGIRI KOTA,fo_11090436,Welcome@123,FO AMBEDKAR NAG,11090436,FIELD_OFFICER
YALAKALLU,VENKATAGIRI KOTA,fo_11090437,Welcome@123,FO YALAKALLU,11090437,FIELD_OFFICER
ALAPAKAM,VIJAYA PURAM,fo_11090297,Welcome@123,FO ALAPAKAM,11090297,FIELD_OFFICER
BUCHIVANATHAM,VIJAYA PURAM,fo_11090298,Welcome@123,FO BUCHIVANATHAM,11090298,FIELD_OFFICER
ILLATHURU,VIJAYA PURAM,fo_11090299,Welcome@123,FO ILLATHURU,11090299,FIELD_OFFICER
JAGANNADHAPURAM,VIJAYA PURAM,fo_11090300,Welcome@123,FO JAGANNADHAPURAM,11090300,FIELD_OFFICER
KALIKAPURAM,VIJAYA PURAM,fo_11090301,Welcome@123,FO KALIKAPURAM,11090301,FIELD_OFFICER
KOSALANAGARAM,VIJAYA PURAM,fo_11090302,Welcome@123,FO KOSALANAGARAM,11090302,FIELD_OFFICER
KOTHURUVENKATAPURAM,VIJAYA PURAM,fo_11090303,Welcome@123,FO KOTHURUVENKATAPURAM,11090303,FIELD_OFFICER
KSHURIKAPURAM,VIJAYA PURAM,fo_11090304,Welcome@123,FO KSHURIKAPURAM,11090304,FIELD_OFFICER
KALIYAMBAKAM,VIJAYA PURAM,fo_11090305,Welcome@123,FO KALIYAMBAKAM,11090305,FIELD_OFFICER
PANNURU,VIJAYA PURAM,fo_11090307,Welcome@123,FO PANNURU,11090307,FIELD_OFFICER
SRIHARIPURAM,VIJAYA PURAM,fo_11090308,Welcome@123,FO SRIHARIPURAM,11090308,FIELD_OFFICER
VIJAYAPURAM,VIJAYA PURAM,fo_11090309,Welcome@123,FO VIJAYAPURAM,11090309,FIELD_OFFICER
12KAMMAPALLE,YADAMARI,fo_11090532,Welcome@123,FO 12KAMMAPALLE,11090532,FIELD_OFFICER
14KANDRIGAMW,YADAMARI,fo_11090533,Welcome@123,FO 14KANDRIGAMW,11090533,FIELD_OFFICER
184GOLLAPALLE,YADAMARI,fo_11090534,Welcome@123,FO 184GOLLAPALLE,11090534,FIELD_OFFICER
BODAGUTTAPALLE,YADAMARI,fo_11090535,Welcome@123,FO BODAGUTTAPALLE,11090535,FIELD_OFFICER
DASARAPALLE,YADAMARI,fo_11090536,Welcome@123,FO DASARAPALLE,11090536,FIELD_OFFICER
JANGALAPALLE,YADAMARI,fo_11090537,Welcome@123,FO JANGALAPALLE,11090537,FIELD_OFFICER
KASIRALLA,YADAMARI,fo_11090538,Welcome@123,FO KASIRALLA,11090538,FIELD_OFFICER
KEENATAMPALLE,YADAMARI,fo_11090539,Welcome@123,FO KEENATAMPALLE,11090539,FIELD_OFFICER
KONAPALLE,YADAMARI,fo_11090540,Welcome@123,FO KONAPALLE,11090540,FIELD_OFFICER
KOTTALAM,YADAMARI,fo_11090541,Welcome@123,FO KOTTALAM,11090541,FIELD_OFFICER
MADAVARAM,YADAMARI,fo_11090542,Welcome@123,FO MADAVARAM,11090542,FIELD_OFFICER
MADIREDDIPALLE,YADAMARI,fo_11090543,Welcome@123,FO MADIREDDIPALLE,11090543,FIELD_OFFICER
MORDHANAPALLE,YADAMARI,fo_11090544,Welcome@123,FO MORDHANAPALLE,11090544,FIELD_OFFICER
PATRAPALLE,YADAMARI,fo_11090545,Welcome@123,FO PATRAPALLE,11090545,FIELD_OFFICER
SIDDAREDDIPALLE,YADAMARI,fo_11090546,Welcome@123,FO SIDDAREDDIPALLE,11090546,FIELD_OFFICER
THELLARALLAPALLE,YADAMARI,fo_11090547,Welcome@123,FO THELLARALLAPALLE,11090547,FIELD_OFFICER
VARADARAJULAPALLE,YADAMARI,fo_11090548,Welcome@123,FO VARADARAJULAPALLE,11090548,FIELD_OFFICER
YADAMARI,YADAMARI,fo_11090549,Welcome@123,FO YADAMARI,11090549,FIELD_OFFICER